body,title,url
La reuniÃ³n habÃ­a sido citada para las 9:00 de la maÃ±ana de este viernes.,Tras 10 horas el comitÃ© del paro y el Gobierno se sientan a dialogar,https://www.eluniversal.com.co//colombia/tras-10-horas-el-comite-del-paro-y-el-gobierno-se-sientan-a-dialogar-NE4723609
"El pasado 28 de mayo, al cumplirse un mes desde que se iniciaron las protestas, el ComitÃ© Nacional de Paro expidiÃ³ un pronunciamiento por el cual condenÃ³ los hechos de violencia, sean quienes fueren sus autores; pero no fue suficiente.",Desbloqueos,https://www.eluniversal.com.co//opinion/editorial/desbloqueos-FE4710117
"Para el exprocurador Fernando Carrillo, la crisis que afronta Colombia es la mÃ¡s profunda de la historia desde su independencia.",La consulta popular que propone el exprocurador Fernando Carrillo,https://www.eluniversal.com.co//politica/la-consulta-popular-que-propone-el-exprocurador-fernando-carrillo-EM4718503
"Donald Trump permanerÃ¡ vetado en Facebook e Instagram por lo menos hasta enero de 2023, segÃºn anunciÃ³ este viernes la empresa, una decisiÃ³n que el exmandatario considerÃ³ un âinsultoâ para los millones de ciudadanos que le votaron.",Facebook mantendrÃ¡ vetado a Trump por lo menos hasta enero de 2023,https://www.eluniversal.com.co//mundo/facebook-mantendra-vetado-a-trump-por-lo-menos-hasta-enero-de-2023-AF4722938
"Carlos TÃ©vez, de 37 aÃ±os y el Ãºltimo Ã­dolo de Boca Juniors, anunciÃ³ este viernes que deja el Xeneize porque âmentalmenteâ no estÃ¡ âpreparadoâ para darle al club lo que necesita y dijo que creÃ­a que se retiraba, aunque aclarÃ³ que era posible que en tres meses âtenga ganas de jugarâ en otro equipo.",Carlos TÃ©vez se va de Boca Juniors a los 37 aÃ±os y no descarta el retiro,https://www.eluniversal.com.co//deportes/carlos-tevez-se-va-de-boca-juniors-a-los-37-anos-y-no-descarta-el-retiro-CF4722994
"Hace un par de dÃ©cadas el rock en Colombia tuvo un giro, Juan Esteban AristizÃ¡bal se lanzaba al mundo como solista y empezaba un recorrido de Ã©xitos con sello propio, a partir de ahÃ­, esas letras y melodÃ­as con una fusiÃ³n especial, empezaron a marcar a una generaciÃ³n.",Juanes revela su âOrigenâ,https://www.eluniversal.com.co//viernes/juanes-revela-su-origen-CF4689150
"En su tercera sesiÃ³n del periodo ordinario, el Concejo Distrital de Cartagena puso sobre la mesa varios temas de ciudad que se tocarÃ¡n en los prÃ³ximos dÃ­as.",Concejo de Cartagena pone sobre la mesa varios temas de ciudad,https://www.eluniversal.com.co//politica/concejo-de-cartagena-pone-sobre-la-mesa-varios-temas-de-ciudad-YX4716212
"HacÃ­a dÃ­as querÃ­a tocar las cuerdas del corazÃ³n donde los recuerdos me obligaran a transitar por las avenidas del tiempo. SucediÃ³ una noche decembrina en la Cartagena romÃ¡ntica y musical del aÃ±o 84, cuando SofronÃ­n MartÃ­nez y Cenelia AlcÃ¡zar congregaban en âLa Quemadaâ a los amantes del bolero.",SofronÃ­n en Guyana,https://www.eluniversal.com.co//opinion/columna/sofronin-en-guyana-FE4710016
Hacia las 4:30 de la maÃ±ana de este viernes se iniciÃ³ la âToma a Mamonalâ por parte de los lÃ­deres del ComitÃ© Departamental del Paro en Cartagena.,Paro nacional: 12 horas de protestas en Mamonal y Ceballos,https://www.eluniversal.com.co//cartagena/paro-nacional-12-horas-de-protestas-en-mamonal-y-ceballos-EN4719868
"Las mujeres ocupan menos del 30 por ciento de los trabajos en STEAM, un tÃ©rmino que integra las Ã¡reas de Ciencia, TecnologÃ­a, IngenierÃ­a, Artes y MatemÃ¡ticas y en la que se encuentran hoy por hoy los campos profesionales de mÃ¡s rÃ¡pido crecimiento y mejor remuneraciÃ³n. Hace apenas un par de aÃ±os, la Encuesta de acceso, uso y apropiaciÃ³n de las TIC por parte de las mujeres en Colombia, del MinTIC, mostraba que mÃ¡s de la mitad de las jÃ³venes encuestadas no estudiaba carreras afines a las tecnologÃ­as de la informaciÃ³n porque sus familias consideraban que eran âcarreras para hombresâ.","Pero, a ver: Â¿cuÃ¡les carreras de hombres?",https://www.eluniversal.com.co//opinion/columna/pero-a-ver-cuales-carreras-de-hombres-DD4713713
"A mediados de mayo pasado, en una gran operaciÃ³n que se realizÃ³ en el municipio de Arjona, la PolicÃ­a de BolÃ­var capturÃ³ a cinco presuntos miembros del âClan del Golfoâ pertenecientes a la subestructura âHÃ©roes del Caribeâ que operan en el norte del departamento.",Clan del Golfo: capturan a implicados en tres homicidios en Arjona,https://www.eluniversal.com.co//sucesos/clan-del-golfo-capturan-a-implicados-en-tres-homicidios-en-arjona-YC4721100
"La incultura de la ilegalidad, enquistada en nuestras realidades sociales, causa estragos en la convivencia, en el buen vivir y en la certidumbre jurÃ­dica que se requiere para que una comunidad avance sana y equitativamente.",POR LA LEGALIDAD URBANÃSTICA,https://www.eluniversal.com.co//opinion/editorial/por-la-legalidad-urbanistica-CN4719598
"Una larga fila de miles de personas en los exteriores del Centro de Convenciones Mana, en el barrio de Wynwood, sede del evento, asÃ­ como los pasillos atiborrados de visitantes fueron la muestra del interÃ©s que ha suscitado este encuentro.",Conferencia Bitcoin 2021: las criptomonedas se toman Miami [Video],https://www.eluniversal.com.co//multimedia/conferencia-bitcoin-2021-las-criptomonedas-se-toman-miami-video-XE4723011
A mÃ¡s de un aÃ±o despuÃ©s del inicio de esta pandemia aÃºn siguen surgiendo nuevos sÃ­ntomas relacionados con el virus del SARS-CoV-2. Estudios recientes identificaron que la lengua tambiÃ©n sufre alteraciones cuando se estÃ¡ contagiado.,"âLa lengua covidâ, uno de los nuevos sÃ­ntomas del virus",https://www.eluniversal.com.co//viernes/la-lengua-covid-uno-de-los-nuevos-sintomas-del-virus-YE4688908
"Dos de los mÃ¡s grandes Ã­dolos y pioneros de la mÃºsica urbana Valentino y De La Ghetto, sorprenden a sus fanÃ¡ticos en el lanzamiento del tema âLlamarteâ. El mismo, se estrena con su videoclip oficial y ya estÃ¡ disponible en todas las plataformas digitales.",Valentino y De La Ghetto se unen en el nuevo tema âLlamarteâ,https://www.eluniversal.com.co//farandula/valentino-y-de-la-ghetto-se-unen-en-el-nuevo-tema-llamarte-XF4722176
"Juan Pablo Ruiz, mÃºsico colombiano, multi-instrumentalista, cantautor, docente y soÃ±ador, celebra sus 30 aÃ±os de carrera artÃ­stica con el disco âJuguetes sonorosâ, utilizando la canciÃ³n como herramienta de intervenciÃ³n para la poblaciÃ³n vulnerable, mediante la mÃºsica como terapia de sanaciÃ³n, en la que el destino final ha sido el encuentro con las emociones de niÃ±os de 0 a 100 aÃ±os.","âJuguetes sonorosâ, la canciÃ³n como elemento de intervenciÃ³n",https://www.eluniversal.com.co//farandula/juguetes-sonoros-la-cancion-como-elemento-de-intervencion-DF4722713
"La esencia musical del ibaguereÃ±o Santiago Cruz ha estado clara desde su primer Ã¡lbum, entonces era de esperarse que esta octava entrega tuviera mÃ¡s que eso, y asÃ­ sucediÃ³, porque por primera vez ejerce como productor, experiencia que le ha dejado satisfecho.",Santiago Cruz presenta su nuevo trabajo musical [Video],https://www.eluniversal.com.co//multimedia/santiago-cruz-presenta-su-nuevo-trabajo-musical-video-FD4720531
"En el mundo hay mÃ¡s de 3.500 millones de usuarios en redes sociales, segÃºn un estudio de Statista. Expertos explican que algunos letrados en mercadeo y las mismas marcas aÃºn confunden âllamar la atenciÃ³nâ con âinfluenciaâ, por eso es importante entender que existen algunas personas que de repente salieron del anonimato y consiguieron millones de seguidores por llamar la atenciÃ³n, pero que un verdadero influenciador tiene un tema en particular, un contenido que atrae a sus seguidores y los hace leales. Es importante partir de esa diferencia.",Instanimalistas: influencers por los animales,https://www.eluniversal.com.co//suplementos/facetas/instanimalistas-influencers-por-los-animales-NI4684960
"Se llama Ana Victoria RodrÃ­guez Romero, pero prefiere que la llamen La contadora de historias. AsÃ­ la conocen todos.","Ana, La contadora de historias en Cartagena",https://www.eluniversal.com.co//suplementos/facetas/ana-la-contadora-de-historias-en-cartagena-FD4702700
"Las carreteras de la regiÃ³n recibirÃ¡n a los mejores ciclistas de ruta del mundo en el Tour Colombia 2.1 que se realizarÃ¡ en el mes de febrero del 2022, gracias a un convenio firmado entre la FederaciÃ³n Colombiana de Ciclismo y el Instituto Departamental de Deportes de Sucre.",El Tour Colombia 2.1 rodarÃ¡ por carreteras sucreÃ±as en el 2022,https://www.eluniversal.com.co//regional/el-tour-colombia-21-rodara-por-carreteras-sucrenas-en-el-2022-YC4721247
Facebook dijo que suspenderÃ¡ las cuentas del expresidente estadounidense Donald Trump por dos aÃ±os luego de concluir que Ã©ste alentÃ³ la violencia antes del fatal asalto al Capitolio el 6 de enero.,Facebook suspende a Donald Trump por dos aÃ±os,https://www.eluniversal.com.co//mundo/facebook-suspende-a-donald-trump-por-dos-anos-DC4721454
"Tal y como se comentÃ³, Marta LucÃ­a RamÃ­rez sÃ­ tenÃ­a aspiraciones de presentar su nombre como candidata presidencial para el prÃ³ximo aÃ±o, pero debido a la situaciÃ³n de la protesta social decidiÃ³ no dejar al presidente IvÃ¡n Duque MÃ¡rquez.","El paro nacional, la razÃ³n por la que RamÃ­rez no renunciÃ³ para ser candidata",https://www.eluniversal.com.co//politica/el-paro-nacional-la-razon-por-la-que-ramirez-no-renuncio-para-ser-candidata-EC4721868
"Todo estÃ¡ dispuesto para la elecciÃ³n de Consejos Municipales y Consejos Locales de Juventudes, que serÃ¡n en noviembre de este aÃ±o.",EmpezÃ³ calendario para elecciÃ³n de Consejos de Juventudes en Cartagena,https://www.eluniversal.com.co//politica/empezo-calendario-para-eleccion-de-consejos-de-juventudes-en-cartagena-MB4715925
"Es uno de los conferencistas mÃ¡s populares de LatinoamÃ©rica y su discurso motivador llega por igual a espacios abiertos y redes sociales, con una carga esperanzadora que se fundamenta en su movimiento, sin embargo ahora, cuando los espacios estÃ¡n limitados por la pandemia, logra posicionarse una vez mÃ¡s con su presencia.",Las tÃ¡cticas de Daniel Habif para enfrentar el miedo,https://www.eluniversal.com.co//viernes/las-tacticas-de-daniel-habif-para-enfrentar-el-miedo-JY4717931
"El reto no es solo la consecuencia de la pÃ©rdida del grado de inversiÃ³n; entre el COVID, el paro, la tributaria, el ritmo de vacunaciÃ³n y la incertidumbre de 2022, el panorama se estÃ¡ oscureciendo. No es solo que la inversiÃ³n extranjera directa anual cayÃ³ 31% en comparaciÃ³n a mayo, nos estamos volviendo estructuralmente un lugar no atractivo para invertir. De esta crisis tiene que salir algo bueno, la economÃ­a no aguanta mÃ¡s, necesitamos una victoria, aunque solo sea en el frente fiscal.",Grado InversiÃ³n,https://www.eluniversal.com.co//opinion/columna/grado-inversion-DA4714115
Con llegada de la pandemia originada por el virus SARS-CoV-2 se confirmÃ³ la importancia y la necesidad de tener construcciones y ciudades saludables que generen un impacto positivo en las personas.,Â¿CÃ³mo las edificaciones impactan la salud de los seres humanos?,https://www.eluniversal.com.co//viernes/como-las-edificaciones-impactan-la-salud-de-los-seres-humanos-NY4717348
"Siglos de historia subyugada nos llevaron a una independencia engaÃ±osa, a una libertad dudosa y a una patria que, al parecer, nos convocaba. Nuestro nacimiento como naciÃ³n fue un muy cruento parto. Intentando rememorar ese momento, casi que tendrÃ­amos que aceptar que en nuestra gran heterogeneidad solo un ancestral enemigo comÃºn logrÃ³ unirnos. Luego nos congregÃ³ el orgullo por nuestra diversidad en naturaleza y geografÃ­a, asÃ­ como nuestra hermosa promiscuidad cultural. Antes nos unÃ­a la bandera, aunque su importancia se diluyÃ³ tanto que ahora solo parece tener significado pintada en una camiseta. Nos unÃ­a un himno, tan rimbombante como redundante que perdiÃ³ vigencia y ahora solo parece tener sentido como esperanzador preludio o como efluvio Ã©pico de victorias deportivas. Ni que decir de un escudo perdido en la rapiÃ±a de propios y extraÃ±os.",No somos nada,https://www.eluniversal.com.co//opinion/columna/no-somos-nada-FM4709997
"Se trata de un espacio poco conocido por los ciudadanos, pero que contiene esa bella historia audiovisual que enmarca al paÃ­s. En los archivos de SeÃ±al Memoria reposan aproximadamente 500 mil documentos audiovisuales y sonoros preservados, 170 mil documentos audiovisuales y sonoros catalogados, 1.200 horas de documentos de origen fÃ­lmico de las dÃ©cadas de 1940, 1950 y 1960; 750 radioteatros preservados de los aÃ±os 40 y 50 y cerca de 1.100 comerciales audiovisuales y sonoros, que dan cuenta de la historia de la publicidad en Colombia.","SeÃ±al Memoria, el archivo con los tesoros audiovisuales colombianos",https://www.eluniversal.com.co//viernes/senal-memoria-el-archivo-con-los-tesoros-audiovisuales-colombianos-BY4717289
"Grandes emociones se vivieron en un partido de integraciÃ³n disputado en la cancha de Los Calamares, sector de esta ciudad. AquÃ­ los Amigos de Yesus, jugador del AmÃ©rica de Cali, se enfrentaron a Los Amigos de Piero, odontÃ³logo de profesiÃ³n. El resultado final fue de 5-3 a favor de los segundos.",Yesus Cabrera participÃ³ de un âpicaditoâ en Los Calamares ,https://www.eluniversal.com.co//deportes/yesus-cabrera-participo-de-un-picadito-en-los-calamares-YF4722616
"Por allÃ¡ en el aÃ±o de 1966, el poeta Gonzalo Arango, publicÃ³ una âElegÃ­a a Desquiteâ, un bandolero de los aÃ±os 50 y 60 del siglo pasado, en la cual hacÃ­a una reflexiÃ³n sobre nuestra sociedad, en especial sobre la violencia y terminaba con unas frases, que en diversos momentos y por otras personas se ha venido repitiendo.",Repetir las tragedias,https://www.eluniversal.com.co//opinion/columna/repetir-las-tragedias-XA4714132
"âMe dijeron que pase por la mercancÃ­a; no me la decomisarÃ¡n esta vez. De todas maneras si me dijeron que si me vuelvo a hacer aquÃ­ me quitarÃ¡n nuevamente porque estoy cometiendo un delito. Yo estoy invadiendo el espacio pÃºblico porque no tengo confianza legÃ­tima reconocida. Recibo la mercancÃ­a y me voy para la casa a morir de hambre. Es lo que me toca hacer, porque Â¿quÃ© hago?â.","La historia de Lusy, la mujer desplazada detrÃ¡s del plantÃ³n en Bazurto ",https://www.eluniversal.com.co//cartagena/la-historia-de-lusy-la-mujer-desplazada-detras-del-planton-en-bazurto-YC4721054
"Con puntos mÃ³viles en diferentes localidades de la ciudad y puntos masivos disponibles hasta las 9:00 de la noche, regresa este fin de semana con puente festivo la 'BaqunatÃ³n por la vida' en Barranquilla, con el propÃ³sito de avanzar en la vacunaciÃ³n contra el COVID-19 en los adultos mayores de 50 aÃ±os y poblaciÃ³n de 16 a 49 aÃ±os con comorbilidades.",Durante puente festivo Barranquilla intensificarÃ¡ vacunaciÃ³n contra COVID-19,https://www.eluniversal.com.co//regional/durante-puente-festivo-barranquilla-intensificara-vacunacion-contra-covid-19-YE4723526
"Radicado en MÃ©xico, con la sensibilidad a flor de piel y sin premuras, el cantautor colombiano Esteman presenta su cuarto Ã¡lbum de estudio titulado âSi volviera a nacerâ, una connotaciÃ³n importante en su mÃºsica y su ser.","âSi volviera a nacerâ, un recorrido por la vida musical de Esteman",https://www.eluniversal.com.co//viernes/si-volviera-a-nacer-un-recorrido-por-la-vida-musical-de-esteman-GE4688855
"En el marco del DÃ­a Mundial del Medio Ambiente, que se conmemora este 5 de junio, personal del Hospital Universitario del Caribe (HUC) se uniÃ³ en una actividad simbÃ³lica: plantar un Ã¡rbol en un Ã¡rea verde del centro asistencial como muestra de su compromiso con un ambiente natural mÃ¡s saludable.",En el DÃ­a Mundial del Medio Ambiente: trabajadores del HUC sembraron Ã¡rboles ,https://www.eluniversal.com.co//cartagena/en-el-dia-mundial-del-medio-ambiente-trabajadores-del-huc-sembraron-arboles-FC4721698
"DotaciÃ³n de mobiliario escolar por $4 mil 737 millones millones para varios municipios PDET del departamento de Sucre, entregarÃ¡ la empresa Bavaria este aÃ±o, gracias mecanismo de âObras por Impuestosâ, que lidera el Gobierno Nacional.",8 municipios PDET de Sucre recibirÃ¡n dotaciÃ³n de mobiliario escolar,https://www.eluniversal.com.co//regional/8-municipios-pdet-de-sucre-recibiran-dotacion-de-mobiliario-escolar-CC4721501
"Por tercer dÃ­a consecutivo, el paÃ­s superÃ³ su cifra mÃ¡s alta de contagios de COVID-19 reportados en un solo dÃ­a desde el comienzo de la pandemia. Este viernes, el Ministerio de Salud notificÃ³ 30.000 casos nuevos de coronavirus, junto con 537 fallecidos a causa de la enfermedad.","Con 30 mil casos nuevos, Colombia alcanza su cifra mÃ¡s alta de contagios ",https://www.eluniversal.com.co//colombia/con-30-mil-casos-nuevos-colombia-alcanza-su-cifra-mas-alta-de-contagios-JE4723029
"Los famosos jeans o vaqueros son -sin duda - una de las prendas de moda mÃ¡s usadas en el mundo; se podrÃ­a pensar que cualquier persona del planeta tiene al menos uno en su armario. Lo que aÃºn muchos desconocen, es que es uno de los artÃ­culos que mÃ¡s contaminan, ya que para su producciÃ³n se requiere de un gran consumo de recursos, por ejemplo, es responsable del 10% de los pesticidas y del 25% de los insecticidas usados a nivel mundial al aÃ±o.","Jeans, las prendas que mÃ¡s contaminan ",https://www.eluniversal.com.co//viernes/jeans-las-prendas-que-mas-contaminan-GB4715855
"La PolicÃ­a investiga la identidad de dos hombres que atentaron contra un miembro del Gaula de la PolicÃ­a, quien se encontraba solo, en la barra de un expendio de licores, viendo el partido que a esa hora jugaba la selecciÃ³n Colombia contra PerÃº, en la noche del jueves.","Sicarios atentan contra policÃ­a en MontelÃ­bano, sur de CÃ³rdoba",https://www.eluniversal.com.co//regional/sicarios-atentan-contra-policia-en-montelibano-sur-de-cordoba-XD4720617
"Las autoridades confirmaron que son cuatro los muertos por la emboscada a una patrulla de la PolicÃ­a Nacional. El hecho sucediÃ³ sobre las 9:30 de la maÃ±ana de este viernes, cuando los patrulleros MarÃ­a Isabel Ãngulo Rivera y Carlos Giovanni Delgado JimÃ©nez fueron atacados con disparos de fusil.",Emboscada a la policÃ­a dejÃ³ 4 muertos en Santander de Quilichao ,https://www.eluniversal.com.co//colombia/emboscada-a-la-policia-dejo-4-muertos-en-santander-de-quilichao-HE4723339
"Luego de la informaciÃ³n publicada este viernes en medios europeos sobre la preocupaciÃ³n de la Comunidad de Madrid frente a una supuesta variante colombiana de COVID-19, la OrganizaciÃ³n Panamericana de la Salud/OrganizaciÃ³n Mundial de la Salud sostuvo que no existe una variante colombiana del virus, y que esta en particular se trata de una variante mÃ¡s de las identificadas en el paÃ­s. Lea: EspaÃ±a alerta por variante colombiana del COVID-19; INS responde",âNo existe variante colombiana de la COVID-19â: OPS ,https://www.eluniversal.com.co//mundo/no-existe-variante-colombiana-de-la-covid-19-ops-YC4721742
"En Cartagena la gente dice: no hay cultura ciudadana. ExpresiÃ³n de rechazo a nuestras costumbres y acciones cotidianas, caracterÃ­sticas que identifican nuestra cultura ciudadana. Necesitamos ser activos en procesos de transformaciÃ³n social, una sociedad se transforma cuando se transforman sus individuos integrantes, articulando voluntades, participaciÃ³n y compromiso de las partes civil y gubernamental. Desafortunadamente, la cultura ciudadana nos mantiene en una permanente disyuntiva, entre el discurso y la vida cotidiana.",,https://www.eluniversal.com.co//opinion/columna/en-cartagena-la-gente-dice-JN4719496
"El intendente Eder Gilberto MuÃ±oz Cabeza es un cartagenero que ha entregado 19 aÃ±os y 7 meses a la instituciÃ³n porque âsiempre me ha gustado servir a la sociedadâ, dijo.","El patrullero que vela por la cultura, historia y patrimonio de Cartagena",https://www.eluniversal.com.co//sucesos/el-patrullero-que-vela-por-la-cultura-historia-y-patrimonio-de-cartagena-DF4722599
"Era la 1:03 de la madrugada del Viernes Santo. Cartagena lucÃ­a las calles medio vacÃ­as porque la pandemia tenÃ­a y aÃºn tiene entre abierta y cerrada a la ciudad. PasÃ³ a esa hora: la llamada tan esperada por la familia Vergara FernÃ¡ndez llegÃ³. En el celular, una doctora del Hospital Pablo TobÃ³n Uribe, de MedellÃ­n, les decÃ­a que debÃ­an viajar inmediatamente y estar en la capital de Antioquia a mÃ¡s tardar a las 8 de la maÃ±ana de ese mismo 2 de abril de 2021. HabÃ­a que hacer hasta lo imposible por llegar a la Ciudad de la Eterna Primavera en menos de siete horas, porque de ese viaje dependÃ­a, nada mÃ¡s y nada menos, el bienestar y casi que la vida de JuliÃ¡n, uno de los integrantes de esta familia cartagenera.",JuliÃ¡n Vergara y una historia de vida que nos regala esperanza,https://www.eluniversal.com.co//suplementos/facetas/julian-vergara-y-una-historia-de-vida-que-nos-regala-esperanza-YN4690212
Un partido le alcanzÃ³ a Reinaldo Rueda para darle vuelta a la imagen que dejÃ³ la SelecciÃ³n Colombia con las derrotas ante Uruguay y Ecuador en las Eliminatorias Sudamericanas.,10 razones por las que Colombia superÃ³ a PerÃº en Lima,https://www.eluniversal.com.co//deportes/10-razones-por-las-que-colombia-supero-a-peru-en-lima-BD4720982
Cerca de las 6 de la tarde de este viernes 4 de junio se presentaron trancones debido a una nueva manifestaciÃ³n en el marco del paro nacional. Los manifestantes se concentran a la altura de la Bomba del Amparo.,Este viernes se presentan manifestaciones en la Bomba del Amparo ,https://www.eluniversal.com.co//cartagena/este-viernes-se-presentan-manifestaciones-en-la-bomba-del-amparo-XE4723264
"Carlos TÃ©vez, de 37 aÃ±os y el Ãºltimo Ã­dolo de Boca Juniors, anunciÃ³ este viernes que deja el Xeneize porque âmentalmenteâ no estÃ¡ âpreparadoâ para darle al club lo que necesita y dijo que creÃ­a que se retiraba, aunque aclarÃ³ que era posible que en tres meses âtenga ganas de jugarâ en otro equipo.",Carlos TÃ©vez se va de Boca Juniors a los 37 aÃ±os y no descarta el retiro,https://www.eluniversal.com.co//deportes/futbol/carlos-tevez-se-va-de-boca-juniors-a-los-37-anos-y-no-descarta-el-retiro-CF4722994
"Es grato orgullo escuchar el himno de Colombia en tierras lejanas; ver flamear miles de banderas tricolores al otro lado del mundo. Nada mÃ¡s hermoso que unirnos todos, sin distingos ninguno, en un abrazo de hermandad para festejar un logro histÃ³rico de un sÃºper colombiano.",Â¡Gracias campeÃ³n!,https://www.eluniversal.com.co//opinion/editorial/gracias-campeon-YE4701098
"El brigadier General Diego HernÃ¡n Rosero Giraldo, comandante de la PolicÃ­a Metropolitana de Barranquilla, dijo este viernes que 4.500 agentes de la PolicÃ­a Nacional estarÃ¡n en la ciudad para brindar la seguridad al partido que por las Eliminatorias Suramericana al Mundial de Catar-22, disputarÃ¡n el martes 8 de junio los seleccionados de Colombia y Argentina.",4.500 policÃ­as estarÃ¡n en Barranquilla para el partido Colombia-Argentina,https://www.eluniversal.com.co//regional/4500-policias-estaran-en-barranquilla-para-el-partido-colombia-argentina-YC4721537
"Miedo, estrÃ©s, irritabilidad, hastÃ­o son solo algunos de los sÃ­ntomas que hemos ido desarrollando con la pandemia. Incluso, la incertidumbre sobre el futuro que nos espera, las nuevas olas o rebrotes, los cambios de normativa de restricciones, las pÃ©rdidas a nivel laboral y econÃ³mico o los temores al contagio han llevado a muchos a desarrollar sÃ­ntomas de ansiedad o cuadros depresivos.",Â¿Sufres de ansiedad? Consejos que pueden ser Ãºtiles,https://www.eluniversal.com.co//viernes/sufres-de-ansiedad-consejos-que-pueden-ser-utiles-AE4688103
"La aplicaciÃ³n del terrorismo de Estado, que ha sido la constante histÃ³rica de la burguesÃ­a guerrerista de este paÃ­s, mantiene baÃ±ada en sangre las calles de distintas regiones de Colombia en este paro nacional que se iniciÃ³ el 28 de abril del 2021.",,https://www.eluniversal.com.co//opinion/columna/dialogo-social-FN4719513
"La esencia musical del ibaguereÃ±o Santiago Cruz ha estado clara desde su primer Ã¡lbum, entonces era de esperarse que esta octava entrega tuviera mÃ¡s que eso, y asÃ­ sucediÃ³, porque por primera vez ejerce como productor, experiencia que le ha dejado satisfecho.",La afirmaciÃ³n musical de Santiago Cruz,https://www.eluniversal.com.co//viernes/la-afirmacion-musical-de-santiago-cruz-YM4718144
"La ayuda se destinarÃ¡ para la Cruz Roja Colombiana, en la prestaciÃ³n de primeros auxilios bÃ¡sicos, asistencia prehospitalaria, apoyo psicosocial y ayuda para restablecer los contactos entre familiares. Asimismo, se apoyarÃ¡ el transporte de insumos mÃ©dicos, especialmente oxÃ­geno y vacunas Covid-19.",UniÃ³n europea entregarÃ¡ $355 millones a Colombia para asistencia humanitaria ,https://www.eluniversal.com.co//colombia/union-europea-entregara-355-millones-a-colombia-para-asistencia-humanitaria-LF4722793
"La banda colombiana Morat se caracteriza por interpretar temas muy estructurados, tanto en letra como en melodÃ­a, por lo que el solo anuncio de un estreno, es esperado con ansias por sus seguidores.","Morat y Danna Paola, una colaboraciÃ³n esperada",https://www.eluniversal.com.co//farandula/morat-y-danna-paola-una-colaboracion-esperada-FC4721117
"La cocina siempre ha sido el eje central del hogar, no en vano los mejores recuerdos de las personas se basan en esos platos de casa que disfrutaron en la niÃ±ez y que una vez de adultos vuelven a probar, rememoran felicidad.","Cocinar en casa, lo que trajo la nueva normalidad",https://www.eluniversal.com.co//viernes/cocinar-en-casa-lo-que-trajo-la-nueva-normalidad-XB4715743
"Argentina contarÃ¡ la semana prÃ³xima con el principio activo para iniciar la producciÃ³n local de la vacuna rusa Sputnik V, un paso determinante con el que busca acelerar la vacunaciÃ³n contra el coronavirus en momentos en que un brote ha puesto al sistema sanitario al borde del colapso y disparado los fallecimientos.",Argentina prevÃ© iniciar producciÃ³n Sputnik V prÃ³xima semana,https://www.eluniversal.com.co//mundo/argentina-preve-iniciar-produccion-sputnik-v-proxima-semana-JE4723694
"La seÃ±ora Miriam Josefina Bossio Villadiego, de 63 aÃ±os, lleva dos aÃ±os tratando de superar las secuelas fÃ­sicas y sicolÃ³gicas que sufriÃ³ por cuenta de un vecino del barrio que ingresÃ³ a su casa de manera imprevista y la violÃ³. Ella asegura que el tipo estaba bajo los efectos del alcohol.","DenunciÃ³ que la violaron, el culpable sigue libre y ahora la amenaza",https://www.eluniversal.com.co//sucesos/denuncio-que-la-violaron-el-culpable-sigue-libre-y-ahora-la-amenaza-DF4722317
"La secretarÃ­a de Cultura del Distrito, MarÃ­a Teresa FernÃ¡ndez, informÃ³ este viernes que estÃ¡ definida la programaciÃ³n artÃ­stica y cultural que se desarrollarÃ¡ este fin de semana en cinco parques ya determinados, ubicados en las cinco localidades de Barranquilla.",Barranquilla tendrÃ¡ agenda cultura este fin de semana con pÃºblico presente,https://www.eluniversal.com.co//regional/barranquilla-tendra-agenda-cultura-este-fin-de-semana-con-publico-presente-DC4721588
"En un operativo conjunto, realizado por la PolicÃ­a, la Armada y la FiscalÃ­a General de la NaciÃ³n, fueron capturados dos hombres, uno de ellos en la lista de los mÃ¡s buscados en el departamento de CÃ³rdoba.",Capturado uno de los hombres mÃ¡s buscados en CÃ³rdoba,https://www.eluniversal.com.co//regional/capturado-uno-de-los-hombres-mas-buscados-en-cordoba-YF4722436
"En cumpleaÃ±os y fallecimientos de seres conocidos me he acostumbrado a escuchar y a leer muchÃ­simas frases: âQue Dios te guardeâ, âel seÃ±or de los cielos te bendigaâ, âte deseo lo mejorâ e inclusive hasta en el morir âfortalezaâ, âestÃ¡ mejor con papÃ¡ Diosâ y asÃ­ nos despachamos con frases hermosas en un aparente sentimiento que nos recuerdan el pasaje bÃ­blico: âSi yo hablase lenguas humanas y angÃ©licas, y no tengo amor, vengo a ser como metal que resuena, o cÃ­mbalo que retiÃ±e. Y si tuviese profecÃ­a, y entendiese todos los misterios y toda ciencia, y si tuviese toda la fe, de tal manera que trasladase los montes, y no tengo amor, nada soyâ.",PerdÃ³n y reparaciÃ³n,https://www.eluniversal.com.co//opinion/columna/perdon-y-reparacion-KA4714149
"El impacto de la industria marÃ­tima en el mundo es tal, que el transporte de mercancÃ­as por vÃ­a marÃ­tima representa el 90% del comercio a nivel mundial, y este mismo porcentaje se mantiene en Colombia. AsÃ­ como esta industria ha permitido el crecimiento de la economÃ­a y ha traÃ­do beneficios a consumidores y empresas de todo el mundo, la huella que genera sobre el medioambiente es tambiÃ©n enorme y notoria.","Coltugs, en camino hacia la ecoeficiencia",https://www.eluniversal.com.co//informe-empresarial/coltugs-en-camino-hacia-la-ecoeficiencia-JF4711290
"Con puntos mÃ³viles en diferentes localidades de la ciudad y puntos masivos disponibles hasta las 9:00 de la noche, regresa este fin de semana con puente festivo la 'BaqunatÃ³n por la vida' en Barranquilla, con el propÃ³sito de avanzar en la vacunaciÃ³n contra el COVID-19 en los adultos mayores de 50 aÃ±os y poblaciÃ³n de 16 a 49 aÃ±os con comorbilidades.",Durante puente festivo Barranquilla intensificarÃ¡ vacunaciÃ³n contra COVID-19,https://www.eluniversal.com.co//regional/atlantico/durante-puente-festivo-barranquilla-intensificara-vacunacion-contra-covid-19-YE4723526
"A propÃ³sito del DÃ­a Mundial del Medio Ambiente, cuya principal celebraciÃ³n es este sÃ¡bado 5 de junio, naciÃ³ la campaÃ±a #HÃ¡galoPeroHÃ¡galoBien, para combatir la desinformaciÃ³n, el falso activismo y las crÃ­ticas fundamentadas en juicios de valor en torno al cambio climÃ¡tico, el cuidado del medio ambiente, la economÃ­a circular, el reciclaje, entre otros temas relacionados.","âHÃ¡galo, pero hÃ¡galo bienâ, la iniciativa que lucha por el ambiente",https://www.eluniversal.com.co//viernes/hagalo-pero-hagalo-bien-la-iniciativa-que-lucha-por-el-ambiente-JX4716784
"âAÃºn estamos vivos. El bombardeo continÃºa en Gaza, especialmente en el sur (en las ciudades de Khan Younes y Rafah). Dicen que va a haber condiciones para un cese de fuego, ojalÃ¡ haya una treguaâ, describÃ­a el pasado jueves Aya, una joven residente en Gaza, donde en los Ãºltimos dÃ­as el conflicto entre palestinos y judÃ­os israelÃ­es dejÃ³ mÃ¡s de 230 muertos y centenares de heridos. Un dÃ­a despuÃ©s, este viernes, hubo un alto al fuego. (TambiÃ©n le puede interesar: Llegan a Israel y Gaza las delegaciones egipcias para supervisar la tregua)",Israel y Palestina: un duro conflicto de nunca acabar,https://www.eluniversal.com.co//suplementos/facetas/israel-y-palestina-un-duro-conflicto-de-nunca-acabar-GB4663787
AmnistÃ­a Internacional (AI) denunciÃ³ que la PolicÃ­a de Nueva York tiene a su disposiciÃ³n mÃ¡s de 15.000 cÃ¡maras de vigilancia con las que puede hacer seguimiento de los ciudadanos a travÃ©s de un programa de reconocimiento facial y ha pedido a las autoridades que prohiban esta prÃ¡ctica.,Nueva York es cuestionada por AmnistÃ­a Internacional debido al exceso de cÃ¡maras,https://www.eluniversal.com.co//multimedia/nueva-york-es-cuestionada-por-amnistia-internacional-debido-al-exceso-de-camaras-CX4716721
Los organizadores de los Juegos OlÃ­mpicos y ParalÃ­mpicos de Tokio 2020 mostraron este jueves por primera vez el atrezo y la mÃºsica que rodearÃ¡n a las ceremonias de entrega de medallas que tendrÃ¡n lugar durante el evento de este verano.,"PremiaciÃ³n de los Juegos OlÃ­mpicos de Tokio 2020, asÃ­ serÃ¡n las ceremonias [Video]",https://www.eluniversal.com.co//multimedia/premiacion-de-los-juegos-olimpicos-de-tokio-2020-asi-seran-las-ceremonias-video-FA4714733
"La pregunta es quÃ© puede hacer la derecha para evitar el descalabro electoral que cada vez aparece mÃ¡s claro en el horizonte del prÃ³ximo aÃ±o 2022. Â¿CÃ³mo frenar a la izquierda y volver a ganar las elecciones? La situaciÃ³n econÃ³mica es calamitosa, la gestiÃ³n de la pandemia un desastre monumental y la total desconexiÃ³n con las clases medias urbanas manifiesta. Â¿A quiÃ©n en su sano juicio se le ocurre proponer una reforma fiscal que carga el peso de la subida impositiva en las clases medias y populares justo en la cumbre de una nueva ola del virus que lleva un aÃ±o estrangulando a esas clases medias y populares? Â¿QuiÃ©n con un mÃ­nimo de sentido comÃºn sube los impuestos a los servicios funerarios precisamente en el momento en que medio paÃ­s entierra a sus muertos? Hace falta ser muy idiota, sufrir un aislamiento de la realidad muy grave o las dos cosas al mismo tiempo.",La derecha debe ir al centro,https://www.eluniversal.com.co//opinion/columna/la-derecha-debe-ir-al-centro-XE4710033
"El Universal ha querido conmemorar los 488 aÃ±os de la fundaciÃ³n de Cartagena de Indias con esta ediciÃ³n especial. Y hemos escogido una visiÃ³n positiva, habida cuenta del mar de oportunidades que la ciudad ofrece de cara a una cercana salida de esta dura etapa pandÃ©mica.",488 aÃ±os,https://www.eluniversal.com.co//opinion/editorial/488-anos-CA4705774
"En la tarde de este viernes, reportan un accidente de trÃ¡nsito en la Avenida El Bosque, frente a un reconocido restaurante de pollos. Un hombre, de unos 35 aÃ±os, sufriÃ³ un accidente cuando se movilizaba en su moto.",Un muerto habrÃ­a dejado accidente en moto en la Avenida El Bosque,https://www.eluniversal.com.co//sucesos/un-muerto-habria-dejado-accidente-en-moto-en-la-avenida-el-bosque-IF4722956
"La cuarentena, la incertidumbre econÃ³mica y la emergencia sanitaria provocada por el coronavirus, afectÃ³ a todas las empresas del mundo, sin importa la actividad econÃ³mica a la que se dedican y, por supuesto, la industria marÃ­tima no fue la excepciÃ³n.",Isacol redobla sus esfuerzos en medio de la crisis ,https://www.eluniversal.com.co//informe-empresarial/isacol-redobla-sus-esfuerzos-en-medio-de-la-crisis-GN4708932
"El Frente HemisfÃ©rico por la Libertad (FHL), compuesto por polÃ­ticos, organizaciones no gubernamentales, exdiplomÃ¡ticos y acadÃ©micos de 15 paÃ­ses, se sumÃ³ este viernes a la condena internacional por el arresto domiciliario e inhabilitaciÃ³n para cargos pÃºblicos de la opositora nicaragÃ¼ense Cristiana Chamorro Barrios.",OrganizaciÃ³n condena arresto domiciliario de opositora nicaragÃ¼ense Chamorro,https://www.eluniversal.com.co//mundo/organizacion-condena-arresto-domiciliario-de-opositora-nicaraguense-chamorro-JE4723218
"En busca de atender y conseguir soluciones a las problemÃ¡ticas de la Heroica, la fundaciÃ³n Libertad y Democracia organizÃ³ un diÃ¡logo virtual entre varios de sus miembros, representantes de distintas organizaciones sociales de la ciudad y los concejales CÃ©sar Pion y David Caballero.",DiÃ¡logo entre diversos sectores en busca de soluciones para la ciudad ,https://www.eluniversal.com.co//politica/dialogo-entre-diversos-sectores-en-busca-de-soluciones-para-la-ciudad-ND4713609
"En el Ãºltimo aÃ±o, el ciclismo realmente ha intensificado su presencia en el mundo y mÃ¡s en un paÃ­s como Colombia que se caracteriza por formar lÃ­deres de alto rendimiento en este deporte. Con la mayorÃ­a de gente trabajando desde casa bajo la nueva normalidad y con mÃ¡s tiempo para descubrir nuevos hobbies, muchos colombianos han encontrado en este pasatiempo prÃ¡cticas saludables, rentables y respetuosas con el medio ambiente.","BogotÃ¡, MedellÃ­n y Paipa, las ciudades preferidas por los ciclistas",https://www.eluniversal.com.co//viernes/bogota-medellin-y-paipa-las-ciudades-preferidas-por-los-ciclistas-MB4715583
"âLa comunidad ya sabe que vienen todos esos huracanes. Ya tienen miedoâ. Con esas palabras, Sonia Mena Palacio, presidenta de la JAC de Olaya Herrera sector 11 de Noviembre, manifestÃ³ a El Universal el sentir de las mÃ¡s de 300 familias que en noviembre de 2020 resultaron damnificadas por el paso de la tormenta tropical Iota. Lea aquÃ­: En el 11 de Noviembre claman por mÃ¡s ayudas",En temporada de tormentas: tres sectores en riesgo de inundaciÃ³n se sienten a la deriva ,https://www.eluniversal.com.co//multimedia/en-temporada-de-tormentas-tres-sectores-en-riesgo-de-inundacion-se-sienten-a-la-deriva-FE4710557
"La AlcaldÃ­a de Sincelejo activÃ³ el ComitÃ© Municipal Operativo de GestiÃ³n del Riesgo y lanzÃ³ una alerta, frente al inicio de la primera temporada de huracanes y ciclones de 2021.","En Sincelejo, GestiÃ³n del Riesgo lanza alerta por temporada de huracanes",https://www.eluniversal.com.co//regional/en-sincelejo-gestion-del-riesgo-lanza-alerta-por-temporada-de-huracanes-XC4721624
"En el puerto colombiano de NecoclÃ­, primer paso de la entrada migratoria a CentroamÃ©rica, ningÃºn niÃ±o llora. No se oyen quejidos ni tampoco risas, y los pequeÃ±os se encuentran quietos, pegados a sus madres y mirando a su alrededor con aires demasiado adultos.","El DariÃ©n, la selva que ahoga el llanto de los niÃ±os migrantes",https://www.eluniversal.com.co//suplementos/facetas/el-darien-la-selva-que-ahoga-el-llanto-de-los-ninos-migrantes-MF4698907
"La NASA anunciÃ³ este miÃ©rcoles que mandarÃ¡ a Venus en 2026 dos misiones, Davinci y Veritas, con el fin de continuar con la exploraciÃ³n de este planeta, donde la agencia espacial estadounidense no ha estado en los Ãºltimos 30 aÃ±os.","Venus, el prÃ³ximo destino de la Nasa en el 2026 [Video]",https://www.eluniversal.com.co//multimedia/venus-el-proximo-destino-de-la-nasa-en-el-2026-video-DY4717115
"Cada vez mÃ¡s se torna difÃ­cil para las familias colombianas conseguir ese anhelado ahorro, porque suben los productos de la canasta familiar, los servicios pÃºblicos y el pago de impuestos. Por eso preocupa mucho cÃ³mo obtener ese dinero en reserva para cancelar la renta, en caso de que les toque.",Cinco maneras de ahorro en familia,https://www.eluniversal.com.co//viernes/cinco-maneras-de-ahorro-en-familia-IE4688802
"Las carreteras de la regiÃ³n recibirÃ¡n a los mejores ciclistas de ruta del mundo en el Tour Colombia 2.1 que se realizarÃ¡ en el mes de febrero del 2022, gracias a un convenio firmado entre la FederaciÃ³n Colombiana de Ciclismo y el Instituto Departamental de Deportes de Sucre.",El Tour Colombia 2.1 rodarÃ¡ por carreteras sucreÃ±as en el 2022,https://www.eluniversal.com.co//deportes/el-tour-colombia-21-rodara-por-carreteras-sucrenas-en-el-2022-YC4721247
Son 87.816 las personas que han resultado positivas para COVID-19 en Cartagena y 1.523 las que han fallecido a causa de estos contagios desde inicios de la pandemia.,979 nuevos contagios y 10 fallecidos por COVID-19 en Cartagena,https://www.eluniversal.com.co//cartagena/979-nuevos-contagios-y-10-fallecidos-por-covid-19-en-cartagena-KF4722419
"La PolicÃ­a de BolÃ­var capturÃ³ a Diego AndrÃ©s GÃ³mez Barrios, de 32 aÃ±os, conocido como âel Coleâ y seÃ±alado por la comunidad de Talaigua Nuevo, sur de BolÃ­var, como uno de los mayores expendedores de drogas y perpetrador de hurtos en fincas de esa poblaciÃ³n.","Cae âel Coleâ, presunto expendedor de drogas y ladrÃ³n en sur de BolÃ­var",https://www.eluniversal.com.co//sucesos/cae-el-cole-presunto-expendedor-de-drogas-y-ladron-en-sur-de-bolivar-YF4722098
"El Distrito tuvo mÃ¡s de $652.992 millones de ingresos en el primer trimestre del 2021, lo que significa un crecimiento del 2,82% en comparaciÃ³n con el recaudo el mismo periodo del 2020, cuando hubo ingresos por $635.100 millones.","Pese a la pandemia, las finanzas del Distrito siguen estables",https://www.eluniversal.com.co//politica/pese-a-la-pandemia-las-finanzas-del-distrito-siguen-estables-XA4714462
"El presidente ruso, VladÃ­mir Putin, invitÃ³ hoy a todos los extranjeros que lo deseen a vacunarse en Rusia con el argumento de que Sputnik V es la vacuna anticovid mÃ¡s âseguraâ del mundo.",Putin invita al mundo a vacunarse en Rusia [Video],https://www.eluniversal.com.co//multimedia/putin-invita-al-mundo-a-vacunarse-en-rusia-video-EC4721776
"La puesta en marcha del nuevo proyecto de reforma tributaria ya se encuentra inmersa en una posiciÃ³n polÃ­tica poco favorable, aun antes de ser tramitado. Esto era de esperarse, pues ya desde la propuesta anterior se despertaba el malestar general de los colombianos. Sin embargo, a pesar de todo el descontento y de la crisis que vive el paÃ­s âincluido el bajÃ³n en la calificaciÃ³n crediticiaâ la realidad es que, dada la situaciÃ³n fiscal actual, una reforma sÃ­ es necesaria.",Hacia un mejor panorama fiscal,https://www.eluniversal.com.co//opinion/columna/hacia-un-mejor-panorama-fiscal-IN4719479
"La necesidad creciente de neurorehabilitaciÃ³n, llevÃ³ a la creaciÃ³n de Neuroinnova S.A.S, un centro especializado en el Ã¡rea de la salud mental, donde se toma como eje central la neurociencia. Utilizando neurotecnologÃ­a de punta, se promueve la prevenciÃ³n, diagnÃ³stico, tratamiento y rehabilitaciÃ³n, siempre guiados por las necesidades del paciente.","Neuroinnova, Centro Integral de Neurociencias",https://www.eluniversal.com.co//viernes/neuroinnova-centro-integral-de-neurociencias-LY4717418
"Con la pandemia, el uso de productos de limpieza en los hogares ha aumentado y la necesidad de desinfecciÃ³n creciÃ³ considerablemente. SegÃºn un estudio realizado por Mintel, en 2017, la desinfecciÃ³n estuvo en el Top #6 de las preferencias de los consumidores, mientras que en 2020 se ubicÃ³ en el Top #1. Sin embargo, este no ha sido el Ãºnico factor relevante, la preocupaciÃ³n por el medio ambiente cada vez es mÃ¡s importante y la necesidad de adoptar comportamientos que refuercen el compromiso con el planeta es fundamental. De hecho, Mintel encontrÃ³ que el 35% de los colombianos estÃ¡n de acuerdo en pagar un poco mÃ¡s por una marca Ã©tica y ecolÃ³gica.",Elija productos para el hogar con las 3 B,https://www.eluniversal.com.co//viernes/elija-productos-para-el-hogar-con-las-3-b-CE4688307
"Hace tres aÃ±os se generÃ³ un escÃ¡ndalo en el paÃ­s, luego de que la Senadora Paloma Valencia, en medio de un debate de control polÃ­tico en la plenaria del Senado, revelara un video en el que se observaba al senador Gustavo Petro, recibiendo 20 millones de pesos en efectivo de manos de Juan Carlos Montes.",IndagaciÃ³n del caso de âPetrovideoâ no va mÃ¡s: Corte se declara inhibida,https://www.eluniversal.com.co//colombia/indagacion-del-caso-de-petrovideo-no-va-mas-corte-se-declara-inhibida-LE4723728
"Los viajeros que acrediten estar vacunados de la covid completamente con Pfizer, Moderna, AstraZeneca o Janssen, autorizadas por la Agencia Europea del Medicamento (EMA), o con las chinas Sinopharm y Sinovac-Coronavac podrÃ¡n entrar en EspaÃ±a desde el prÃ³ximo lunes, 7 de junio.",Los viajeros vacunados podrÃ¡n entrar en EspaÃ±a desde el 7 de junio ,https://www.eluniversal.com.co//mundo/los-viajeros-vacunados-podran-entrar-en-espana-desde-el-7-de-junio-XC4721365
"Por lo general, las discusiones matrimoniales se forman a partir de pequeÃ±eces que los mismos cÃ³nyuges se encargan de agrandarlas hasta convertirlas en verdaderos focos de disputa.",5 claves para manejar los conflictos de pareja,https://www.eluniversal.com.co//viernes/5-claves-para-manejar-los-conflictos-de-pareja-MY4717178
"Cuando el mes de mayo se ha dedicado por entero a las madres y en el Ãºltimo fin de semana se celebra oficialmente la fecha, muchos se preparan para elegir el regalo ideal para mamÃ¡.",7 recomendaciones para comprar regalos en lÃ­nea ,https://www.eluniversal.com.co//viernes/7-recomendaciones-para-comprar-regalos-en-linea-KE4688378
"Un juez argentino decidiÃ³ este viernes elevar a juicio oral la causa que investiga por violencia de gÃ©nero al centrocampista colombiano de Boca Juniors SebastiÃ¡n Villa, acusado de amenazar y ocasionarle âlesionesâ a su entonces pareja en abril de 2020.",SebastiÃ¡n Villa irÃ¡ a juicio acusado de violencia de gÃ©nero,https://www.eluniversal.com.co//deportes/sebastian-villa-ira-a-juicio-acusado-de-violencia-de-genero-LF4722269
"A propÃ³sito de la reciente declaratoria de exequibilidad de la Ley 2038 del 2020 por medio de la cual se crea un fondo para la superaciÃ³n de la pobreza extrema en Cartagena, en respuesta a una demanda de inconstitucionalidad formulada por un grupo de destacados ciudadanos, tiene sentido aprovechar el proceso de reglamentaciÃ³n que ahora procede a cargo del presidente de la RepÃºblica para compaginar sus loables objetivos con las objeciones que los demandantes propusieron.",La exequibilidad del Fondo,https://www.eluniversal.com.co//opinion/editorial/la-exequibilidad-del-fondo-FA4714227
Es un relato perturbador. Habitantes del barrio Ciudad de Bicentenario contaron detalles de una brutal agresiÃ³n que sufriÃ³ un joven en la maÃ±ana de este viernes en plena vÃ­a pÃºblica para supuestamente robarle una bicicleta.,Le dan cinco cuchilladas para robarle su bicicleta en Bicentenario,https://www.eluniversal.com.co//sucesos/le-dan-cinco-cuchilladas-para-robarle-su-bicicleta-en-bicentenario-BC4721892
"El prÃ³ximo 11 de junio el balÃ³n de la Eurocopa de FÃºtbol echarÃ¡ a rodar bajo este himno especial, âJuntos somos mÃ¡sâ, tema creado e interpretado para la ocasiÃ³n por Lara Ãlvarez, Beatriz Luengo y Yotuel.","âJuntos somos mÃ¡sâ, el himno de la Eurocopa",https://www.eluniversal.com.co//farandula/juntos-somos-mas-el-himno-de-la-eurocopa-CC4721994
